{
  "mean": [
    50.99681,
    49.3128419047619,
    67.56745428571429
  ],
  "scale": [
    2.943347558898104,
    3.331351250905653,
    2.9497505455959385
  ],
  "feature_names": [
    "height_in",
    "length_in",
    "hertgirth_in"
  ]
}